{"cameraMode":{"drawMode":0,"name":"Shaded","section":"Shading Mode"},"sceneLighting":true,"audioPlay":false,"sceneViewState":{"showFog":false,"showMaterialUpdate":false,"showSkybox":false,"showFlares":false,"showImageEffects":false,"showParticleSystems":false},"in2DMode":false,"pivot":{"x":4.643352508544922,"y":2.473233938217163,"z":-1.8276978731155396},"rotation":{"x":-0.07427319884300232,"y":-0.9129408001899719,"z":0.19258162379264832,"w":-0.35208776593208315},"size":10.910524368286133,"orthographic":true}