{"cameraMode":{"drawMode":0,"name":"Shaded","section":"Shading Mode"},"sceneLighting":true,"audioPlay":false,"sceneViewState":{"showFog":false,"showMaterialUpdate":false,"showSkybox":false,"showFlares":false,"showImageEffects":false,"showParticleSystems":false},"in2DMode":false,"pivot":{"x":4.359591960906982,"y":-0.013563739135861397,"z":-0.391487717628479},"rotation":{"x":0.13905353844165803,"y":0.8583576679229736,"z":-0.38331928849220278,"w":0.3113810122013092},"size":2.3242132663726808,"orthographic":true}