{"cameraMode":{"drawMode":0,"name":"Shaded","section":"Shading Mode"},"sceneLighting":true,"audioPlay":false,"sceneViewState":{"showFog":false,"showMaterialUpdate":false,"showSkybox":false,"showFlares":false,"showImageEffects":false,"showParticleSystems":false},"in2DMode":false,"pivot":{"x":3.6469552516937258,"y":0.14882320165634156,"z":1.0518001317977906},"rotation":{"x":-0.19922375679016114,"y":-0.25080767273902895,"z":0.052854619920253757,"w":-0.9458670616149902},"size":0.1771761029958725,"orthographic":true}