{"cameraMode":{"drawMode":0,"name":"Shaded","section":"Shading Mode"},"sceneLighting":true,"audioPlay":false,"sceneViewState":{"showFog":false,"showMaterialUpdate":false,"showSkybox":false,"showFlares":false,"showImageEffects":false,"showParticleSystems":false},"in2DMode":false,"pivot":{"x":4.716710567474365,"y":1.0950864553451539,"z":0.01169133186340332},"rotation":{"x":0.45037755370140078,"y":0.1382811963558197,"z":-0.07083471119403839,"w":0.8792179226875305},"size":1.4836649894714356,"orthographic":true}