{"cameraMode":{"drawMode":0,"name":"Shaded","section":"Shading Mode"},"sceneLighting":true,"audioPlay":false,"sceneViewState":{"showFog":false,"showMaterialUpdate":false,"showSkybox":false,"showFlares":false,"showImageEffects":false,"showParticleSystems":false},"in2DMode":false,"pivot":{"x":5.312100410461426,"y":0.7676356434822083,"z":0.9252676367759705},"rotation":{"x":0.14069108664989472,"y":0.8358278870582581,"z":-0.25169819593429568,"w":0.46719223260879519},"size":2.255502700805664,"orthographic":true}