{"cameraMode":{"drawMode":0,"name":"Shaded","section":"Shading Mode"},"sceneLighting":true,"audioPlay":false,"sceneViewState":{"showFog":false,"showMaterialUpdate":false,"showSkybox":false,"showFlares":false,"showImageEffects":false,"showParticleSystems":false},"in2DMode":false,"pivot":{"x":4.246857166290283,"y":1.6483922004699708,"z":1.2958813905715943},"rotation":{"x":0.1167498528957367,"y":-0.8826256394386292,"z":0.3038017749786377,"w":0.33919191360473635},"size":3.1308887004852297,"orthographic":true}