{"cameraMode":{"drawMode":0,"name":"Shaded","section":"Shading Mode"},"sceneLighting":true,"audioPlay":false,"sceneViewState":{"showFog":false,"showMaterialUpdate":false,"showSkybox":false,"showFlares":false,"showImageEffects":false,"showParticleSystems":false},"in2DMode":false,"pivot":{"x":3.606387138366699,"y":0.11346435546875,"z":0.947867214679718},"rotation":{"x":0.20979900658130647,"y":-0.6396344304084778,"z":0.18760712444782258,"w":0.715316891670227},"size":0.27578118443489077,"orthographic":true}