{"cameraMode":{"drawMode":0,"name":"Shaded","section":"Shading Mode"},"sceneLighting":true,"audioPlay":false,"sceneViewState":{"showFog":false,"showMaterialUpdate":false,"showSkybox":false,"showFlares":false,"showImageEffects":false,"showParticleSystems":false},"in2DMode":false,"pivot":{"x":3.7435193061828615,"y":0.83336341381073,"z":-0.6928040981292725},"rotation":{"x":0.07036791741847992,"y":-0.9235774874687195,"z":0.3157283067703247,"w":0.2058475911617279},"size":0.3687424957752228,"orthographic":true}