{"cameraMode":{"drawMode":0,"name":"Shaded","section":"Shading Mode"},"sceneLighting":true,"audioPlay":false,"sceneViewState":{"showFog":false,"showMaterialUpdate":false,"showSkybox":false,"showFlares":false,"showImageEffects":false,"showParticleSystems":false},"in2DMode":false,"pivot":{"x":3.739858627319336,"y":1.4542828798294068,"z":0.35354727506637576},"rotation":{"x":0.3262420892715454,"y":-0.4617263376712799,"z":0.1875305026769638,"w":0.8032522797584534},"size":0.4732670783996582,"orthographic":true}