{"cameraMode":{"drawMode":0,"name":"Shaded","section":"Shading Mode"},"sceneLighting":true,"audioPlay":false,"sceneViewState":{"showFog":false,"showMaterialUpdate":false,"showSkybox":false,"showFlares":false,"showImageEffects":false,"showParticleSystems":false},"in2DMode":false,"pivot":{"x":3.5536510944366457,"y":0.16380886733531953,"z":0.9690805673599243},"rotation":{"x":0.11382120847702027,"y":-0.6491527557373047,"z":0.09910651296377182,"w":0.7455389499664307},"size":0.2555635869503021,"orthographic":true}