{"cameraMode":{"drawMode":0,"name":"Shaded","section":"Shading Mode"},"sceneLighting":true,"audioPlay":false,"sceneViewState":{"showFog":false,"showMaterialUpdate":false,"showSkybox":false,"showFlares":false,"showImageEffects":false,"showParticleSystems":false},"in2DMode":false,"pivot":{"x":3.5536510944366457,"y":0.16380886733531953,"z":0.9690805673599243},"rotation":{"x":0.2196008414030075,"y":-0.44942691922187807,"z":0.11499769985675812,"w":0.8582368493080139},"size":0.2555635869503021,"orthographic":true}