{"cameraMode":{"drawMode":0,"name":"Shaded","section":"Shading Mode"},"sceneLighting":true,"audioPlay":false,"sceneViewState":{"showFog":false,"showMaterialUpdate":false,"showSkybox":false,"showFlares":false,"showImageEffects":false,"showParticleSystems":false},"in2DMode":false,"pivot":{"x":4.797804832458496,"y":1.0305094718933106,"z":-0.03228994458913803},"rotation":{"x":0.053474824875593188,"y":-0.9212018251419067,"z":0.3603748083114624,"w":0.13667654991149903},"size":0.9007967114448547,"orthographic":true}