{"cameraMode":{"drawMode":0,"name":"Shaded","section":"Shading Mode"},"sceneLighting":true,"audioPlay":false,"sceneViewState":{"showFog":false,"showMaterialUpdate":false,"showSkybox":false,"showFlares":false,"showImageEffects":false,"showParticleSystems":false},"in2DMode":false,"pivot":{"x":3.41646671295166,"y":4.797423362731934,"z":4.654267311096191},"rotation":{"x":0.03747006505727768,"y":0.8833986520767212,"z":-0.4615924656391144,"w":0.07171189785003662},"size":1.0332093238830567,"orthographic":true}