{"cameraMode":{"drawMode":0,"name":"Shaded","section":"Shading Mode"},"sceneLighting":true,"audioPlay":false,"sceneViewState":{"showFog":false,"showMaterialUpdate":false,"showSkybox":false,"showFlares":false,"showImageEffects":false,"showParticleSystems":false},"in2DMode":false,"pivot":{"x":3.9749999046325685,"y":1.1399999856948853,"z":-0.834452748298645},"rotation":{"x":-0.06251268833875656,"y":0.9217556118965149,"z":-0.34412309527397158,"w":-0.16744470596313477},"size":1.3945319652557374,"orthographic":false}